id,url,booked
1655-140233,https://www.turnkeyvr.com/lake_arrowhead-ca/27509wsr,"['2018-09-02', '2018-09-03', '2018-11-28', '2018-11-29', '2018-11-30', '2018-12-01', '2018-12-02', '2018-12-03', '2018-12-04', '2018-12-05', '2018-12-06', '2018-12-07', '2018-12-08', '2018-12-09', '2018-12-10', '2018-12-11', '2018-12-12', '2018-12-13', '2018-12-14', '2018-12-15', '2018-12-16', '2018-12-17', '2018-12-18', '2018-12-19', '2018-12-20', '2018-12-21', '2018-12-22', '2018-12-23', '2018-12-24', '2018-12-25', '2018-12-26', '2018-12-27', '2018-12-28', '2018-12-29', '2018-12-30', '2018-12-31', '2019-01-01', '2019-01-02', '2019-01-03', '2019-01-04', '2019-01-05', '2019-01-06', '2019-01-07', '2019-01-08', '2019-01-09', '2019-01-10', '2019-01-11', '2019-01-12', '2019-01-13', '2019-01-14', '2019-01-15', '2019-01-16', '2019-01-17', '2019-01-18', '2019-01-19', '2019-01-20', '2019-01-21', '2019-01-22', '2019-01-23', '2019-01-24', '2019-01-25', '2019-01-26', '2019-01-27', '2019-01-28', '2019-01-29', '2019-01-30', '2019-01-31', '2019-02-01', '2019-02-02', '2019-02-03', '2019-02-04', '2019-02-05', '2019-02-06', '2019-02-07', '2019-02-08', '2019-02-09', '2019-02-10', '2019-02-11', '2019-02-12', '2019-02-13', '2019-02-14', '2019-02-15', '2019-02-16', '2019-02-17', '2019-02-18', '2019-02-19', '2019-02-20', '2019-02-21', '2019-02-22', '2019-02-23', '2019-02-24', '2019-02-25', '2019-02-26', '2019-02-27', '2019-02-28', '2019-03-01', '2019-03-02', '2019-03-03', '2019-03-04', '2019-03-05', '2019-03-06', '2019-03-07', '2019-03-08', '2019-03-09', '2019-03-10', '2019-03-11', '2019-03-12', '2019-03-13', '2019-03-14', '2019-03-15', '2019-03-16', '2019-03-17', '2019-03-18', '2019-03-19', '2019-03-20', '2019-03-21', '2019-03-22', '2019-03-23', '2019-03-24', '2019-03-25', '2019-03-26', '2019-03-27', '2019-03-28', '2019-03-29', '2019-03-30', '2019-03-31', '2019-04-01', '2019-04-02', '2019-04-03', '2019-04-04', '2019-04-05', '2019-04-06', '2019-04-07', '2019-04-08', '2019-04-09', '2019-04-10', '2019-04-11', '2019-04-12', '2019-04-13', '2019-04-14', '2019-04-15', '2019-04-16', '2019-04-17', '2019-04-18', '2019-04-19', '2019-04-20', '2019-04-21', '2019-04-22', '2019-04-23', '2019-04-24', '2019-04-25', '2019-04-26', '2019-04-27', '2019-04-28', '2019-04-29', '2019-04-30', '2019-05-01', '2019-05-02', '2019-05-03', '2019-05-04', '2019-05-05', '2019-05-06', '2019-05-07', '2019-05-08', '2019-05-09', '2019-05-10', '2019-05-11', '2019-05-12', '2019-05-13', '2019-05-14', '2019-05-15', '2019-05-16', '2019-05-17', '2019-05-18', '2019-05-19', '2019-05-20', '2019-05-21', '2019-05-22', '2019-05-23', '2019-05-24', '2019-05-25', '2019-05-26', '2019-05-27', '2019-05-28', '2019-05-29', '2019-05-30', '2019-05-31', '2019-06-01', '2019-06-02', '2019-06-03', '2019-06-04', '2019-06-05', '2019-06-06', '2019-06-07', '2019-06-08', '2019-06-09', '2019-06-10', '2019-06-11', '2019-06-12', '2019-06-13', '2019-06-14', '2019-06-15', '2019-06-16', '2019-06-17', '2019-06-18', '2019-06-19', '2019-06-20', '2019-06-21', '2019-06-22', '2019-06-23', '2019-06-24', '2019-06-25', '2019-06-26', '2019-06-27', '2019-06-28', '2019-06-29', '2019-06-30', '2019-07-01', '2019-07-02', '2019-07-03', '2019-07-04', '2019-07-05', '2019-07-06', '2019-07-07', '2019-07-08', '2019-07-09', '2019-07-10', '2019-07-11', '2019-07-12', '2019-07-13', '2019-07-14', '2019-07-15', '2019-07-16', '2019-07-17', '2019-07-18', '2019-07-19', '2019-07-20', '2019-07-21', '2019-07-22', '2019-07-23', '2019-07-24', '2019-07-25', '2019-07-26', '2019-07-27', '2019-07-28', '2019-07-29', '2019-07-30', '2019-07-31', '2019-08-01', '2019-08-02', '2019-08-03', '2019-08-04', '2019-08-05', '2019-08-06', '2019-08-07', '2019-08-08', '2019-08-09', '2019-08-10', '2019-08-11', '2019-08-12', '2019-08-13', '2019-08-14', '2019-08-15', '2019-08-16', '2019-08-17', '2019-08-18', '2019-08-19', '2019-08-20', '2019-08-21', '2019-08-22', '2019-08-23', '2019-08-24', '2019-08-25', '2019-08-26', '2019-08-27', '2019-08-28', '2019-08-29', '2019-08-30', '2019-08-31', '2019-09-01', '2019-09-02', '2019-09-03', '2019-09-04', '2019-09-05', '2019-09-06', '2019-09-07', '2019-09-08', '2019-09-09', '2019-09-10', '2019-09-11', '2019-09-12', '2019-09-13', '2019-09-14', '2019-09-15', '2019-09-16', '2019-09-17', '2019-09-18', '2019-09-19', '2019-09-20', '2019-09-21', '2019-09-22', '2019-09-23', '2019-09-24', '2019-09-25', '2019-09-26', '2019-09-27', '2019-09-28', '2019-09-29', '2019-09-30', '2019-10-01', '2019-10-02', '2019-10-03', '2019-10-04', '2019-10-05', '2019-10-06', '2019-10-07', '2019-10-08', '2019-10-09', '2019-10-10', '2019-10-11', '2019-10-12', '2019-10-13', '2019-10-14', '2019-10-15', '2019-10-16', '2019-10-17', '2019-10-18', '2019-10-19', '2019-10-20', '2019-10-21', '2019-10-22', '2019-10-23', '2019-10-24', '2019-10-25', '2019-10-26', '2019-10-27', '2019-10-28', '2019-10-29', '2019-10-30', '2019-10-31', '2019-11-01', '2019-11-02', '2019-11-03', '2019-11-04', '2019-11-05', '2019-11-06', '2019-11-07', '2019-11-08', '2019-11-09', '2019-11-10', '2019-11-11', '2019-11-12', '2019-11-13', '2019-11-14', '2019-11-15', '2019-11-16', '2019-11-17', '2019-11-18', '2019-11-19', '2019-11-20', '2019-11-21', '2019-11-22', '2019-11-23', '2019-11-24', '2019-11-25', '2019-11-26', '2019-11-27', '2019-11-28', '2019-11-29', '2019-11-30', '2019-12-01', '2019-12-02', '2019-12-03', '2019-12-04', '2019-12-05', '2019-12-06', '2019-12-07', '2019-12-08', '2019-12-09', '2019-12-10', '2019-12-11', '2019-12-12', '2019-12-13', '2019-12-14', '2019-12-15', '2019-12-16', '2019-12-17', '2019-12-18', '2019-12-19', '2019-12-20', '2019-12-21', '2019-12-22', '2019-12-23', '2019-12-24', '2019-12-25', '2019-12-26', '2019-12-27', '2019-12-28', '2019-12-29', '2019-12-30', '2019-12-31', '2020-01-01', '2020-01-02', '2020-01-03', '2020-01-04', '2020-01-05', '2020-01-06', '2020-01-07', '2020-01-08', '2020-01-09', '2020-01-10', '2020-01-11', '2020-01-12', '2020-01-13', '2020-01-14', '2020-01-15', '2020-01-16', '2020-01-17', '2020-01-18', '2020-01-19', '2020-01-20', '2020-01-21', '2020-01-22', '2020-01-23', '2020-01-24', '2020-01-25', '2020-01-26', '2020-01-27', '2020-01-28', '2020-01-29', '2020-01-30', '2020-01-31']"
1655-129577,https://www.turnkeyvr.com/big_bear_lake-ca/4br-3ba-upscale-big-bear-cabin-w%2f-game-room-%e2%80%93-minutes-to-skiing-village-421-morningstar-pl,"['2018-09-02', '2018-09-22', '2018-09-29', '2018-10-06', '2018-10-13', '2018-10-20', '2018-11-10', '2018-11-11', '2018-11-21', '2018-11-22', '2018-11-23', '2018-12-08', '2018-12-15', '2018-12-31', '2019-01-01']"
1655-150604,https://www.turnkeyvr.com/big_bear_city-ca/spacious-4br-w%2f-mountain-views-huge-deck-%26-hot-tub---2-miles-to-ski-resort,"['2018-09-02', '2018-09-22', '2018-09-29', '2018-09-30', '2018-10-01', '2018-11-22', '2018-11-23', '2018-12-08', '2019-01-12']"
1655-145321,https://www.turnkeyvr.com/blue_jay-ca/2749c6wa,"['2018-09-02', '2018-09-07', '2018-09-08', '2018-09-09', '2018-09-14', '2018-09-15']"
1655-151858,https://www.turnkeyvr.com/big_bear_lake-ca/722summt,"['2018-09-02', '2018-09-03', '2018-09-04', '2018-09-16', '2018-09-17']"
1655-134434,https://www.turnkeyvr.com/big_bear_city-ca/4252bear,"['2018-09-02', '2018-12-24', '2018-12-25', '2018-12-29', '2018-12-30', '2018-12-31']"
1655-141019,https://www.turnkeyvr.com/big_bear_lake-ca/4br-w%2f-sauna-deck-%26-yard-%e2%80%94bear-mountain-slope-views-near-golf,"['2018-09-02', '2018-11-22', '2018-11-23', '2018-11-24', '2018-12-15', '2018-12-31']"
1655-145809,https://www.turnkeyvr.com/big_bear_lake-ca/40289lvd,"['2018-09-02', '2018-09-08', '2018-09-22', '2018-09-30', '2018-10-01', '2018-10-06', '2018-10-13', '2018-10-19', '2018-10-20', '2018-10-27', '2018-10-28', '2018-11-10', '2018-11-16', '2018-11-17', '2018-11-22', '2018-11-23', '2018-11-30', '2018-12-01', '2018-12-15', '2018-12-30', '2018-12-31', '2019-01-01', '2019-02-09', '2020-08-07', '2020-08-08', '2020-08-09', '2020-08-10', '2020-08-11', '2020-08-12', '2020-08-13', '2020-08-14', '2020-08-15', '2020-08-16', '2020-08-17', '2020-08-18', '2020-08-19', '2020-08-20', '2020-08-21', '2020-08-22', '2020-08-23', '2020-08-24', '2020-08-25', '2020-08-26', '2020-08-27', '2020-08-28', '2020-08-29', '2020-08-30', '2020-08-31', '2020-09-01', '2020-09-02', '2020-09-03', '2020-09-04', '2020-09-05', '2020-09-06', '2020-09-07', '2020-09-08', '2020-09-09', '2020-09-10', '2020-09-11', '2020-09-12', '2020-09-13', '2020-09-14', '2020-09-15', '2020-09-16', '2020-09-17', '2020-09-18', '2020-09-19', '2020-09-20', '2020-09-21', '2020-09-22', '2020-09-23', '2020-09-24', '2020-09-25', '2020-09-26', '2020-09-27', '2020-09-28', '2020-09-29', '2020-09-30', '2020-10-01']"
1655-149849,https://www.turnkeyvr.com/big_bear_lake-ca/39219pkl,['2018-09-02']
1655-139296,https://www.turnkeyvr.com/big_bear_lake-ca/279eurka,"['2018-09-02', '2018-09-14', '2018-09-15', '2018-09-29', '2018-11-21', '2018-11-22', '2018-11-23', '2018-11-24']"
1655-149851,https://www.turnkeyvr.com/big_bear_lake-ca/mountain-view-2br-chalet-w%2f-private-hot-tub-%26-game-room---1-mile-to-slopes,"['2018-09-02', '2018-09-15', '2018-09-16', '2018-11-22', '2018-11-23']"
1655-126683,https://www.turnkeyvr.com/desert_hot_springs-ca/3br-2ba-desert-hot-springs-home%e2%80%94blocks-to-mission-lakes-golf-%26-pool-64525-spyglass-ave,"['2018-09-02', '2018-09-03', '2018-09-04', '2018-09-05', '2018-09-06', '2018-09-07', '2018-09-08', '2018-09-09', '2018-09-10', '2018-09-11', '2018-09-12', '2018-09-13', '2018-09-14', '2018-09-15', '2018-09-16', '2018-09-17', '2018-09-18', '2018-09-19', '2018-09-20', '2018-09-21', '2018-09-22', '2018-09-23', '2018-09-24', '2018-09-25', '2018-09-26', '2018-09-27', '2018-09-28', '2018-09-29', '2018-09-30', '2018-10-01', '2018-10-02', '2018-10-03', '2018-10-04', '2018-10-05', '2018-10-06', '2018-10-07', '2018-10-08', '2018-10-09', '2018-10-10', '2018-10-11', '2018-10-12', '2018-10-13', '2018-10-14', '2018-10-15', '2018-10-16', '2018-10-17', '2018-10-18', '2018-10-19', '2018-10-20', '2018-10-21', '2018-10-22', '2018-10-23', '2018-10-24', '2018-10-25', '2018-10-26', '2018-10-27', '2018-10-28', '2018-10-29', '2018-10-30', '2018-10-31', '2018-11-01', '2018-11-02', '2018-11-03', '2018-11-04', '2018-11-05', '2018-11-06', '2018-11-07', '2018-11-08', '2018-11-09', '2018-11-10', '2018-11-11', '2018-11-12', '2018-11-13', '2018-11-14', '2018-11-15', '2018-11-16', '2018-11-17', '2018-11-18', '2018-11-19', '2018-11-20', '2018-11-21', '2018-11-22', '2018-11-23', '2018-11-24', '2018-11-25', '2018-11-26', '2018-11-27', '2018-11-28', '2018-11-29', '2018-11-30', '2018-12-01', '2018-12-02', '2018-12-03', '2018-12-04', '2018-12-05', '2018-12-06', '2018-12-07', '2018-12-08', '2018-12-09', '2018-12-10', '2018-12-11', '2018-12-12', '2018-12-13', '2018-12-14', '2018-12-15', '2018-12-16', '2018-12-17', '2018-12-18', '2018-12-19', '2018-12-20', '2018-12-21', '2018-12-22', '2018-12-23', '2018-12-24', '2018-12-25', '2018-12-26', '2018-12-27', '2018-12-28', '2018-12-29', '2018-12-30', '2018-12-31', '2019-01-01', '2019-01-02', '2019-01-03', '2019-01-04', '2019-01-05', '2019-01-06', '2019-01-07', '2019-01-08', '2019-01-09', '2019-01-10', '2019-01-11', '2019-01-12', '2019-01-13', '2019-01-14', '2019-01-15', '2019-01-16', '2019-01-17', '2019-01-18', '2019-01-19', '2019-01-20', '2019-01-21', '2019-01-22', '2019-01-23', '2019-01-24', '2019-01-25', '2019-01-26', '2019-01-27', '2019-01-28', '2019-01-29', '2019-01-30', '2019-01-31', '2019-02-01', '2019-02-02', '2019-02-03', '2019-02-04', '2019-02-05', '2019-02-06', '2019-02-07', '2019-02-08', '2019-02-09', '2019-02-10', '2019-02-11', '2019-02-12', '2019-02-13', '2019-02-14', '2019-02-15', '2019-02-16', '2019-02-17', '2019-02-18', '2019-02-19', '2019-02-20', '2019-02-21', '2019-02-22', '2019-02-23', '2019-02-24', '2019-02-25', '2019-02-26', '2019-02-27', '2019-02-28', '2019-03-01', '2019-03-02', '2019-03-03', '2019-03-04', '2019-03-05', '2019-03-06', '2019-03-07', '2019-03-08', '2019-03-09', '2019-03-10', '2019-03-11', '2019-03-12', '2019-03-13', '2019-03-14', '2019-03-15', '2019-03-16', '2019-03-17', '2019-03-18', '2019-03-19', '2019-03-20', '2019-03-21', '2019-03-22', '2019-03-23', '2019-03-24', '2019-03-25', '2019-03-26', '2019-03-27', '2019-03-28', '2019-03-29', '2019-03-30', '2019-03-31', '2019-04-01', '2019-04-02', '2019-04-03', '2019-04-04', '2019-04-05', '2019-04-06', '2019-04-07', '2019-04-08', '2019-04-09', '2019-04-10', '2019-04-11', '2019-04-12', '2019-04-13', '2019-04-14', '2019-04-15', '2019-04-16', '2019-04-17', '2019-04-18', '2019-04-19', '2019-04-20', '2019-04-21', '2019-04-22', '2019-04-23', '2019-04-24', '2019-04-25', '2019-04-26', '2019-04-27', '2019-04-28', '2019-04-29', '2019-04-30', '2019-05-01', '2019-05-02', '2019-05-03', '2019-05-04', '2019-05-05', '2019-05-06', '2019-05-07', '2019-05-08', '2019-05-09', '2019-05-10', '2019-05-11', '2019-05-12', '2019-05-13', '2019-05-14', '2019-05-15', '2019-05-16', '2019-05-17', '2019-05-18', '2019-05-19', '2019-05-20', '2019-05-21', '2019-05-22', '2019-05-23', '2019-05-24', '2019-05-25', '2019-05-26', '2019-05-27', '2019-05-28', '2019-05-29', '2019-05-30', '2019-05-31', '2019-06-01', '2019-06-02', '2019-06-03', '2019-06-04', '2019-06-05', '2019-06-06', '2019-06-07', '2019-06-08', '2019-06-09', '2019-06-10', '2019-06-11', '2019-06-12', '2019-06-13', '2019-06-14', '2019-06-15', '2019-06-16', '2019-06-17', '2019-06-18', '2019-06-19', '2019-06-20', '2019-06-21', '2019-06-22', '2019-06-23', '2019-06-24', '2019-06-25', '2019-06-26', '2019-06-27', '2019-06-28', '2019-06-29', '2019-06-30', '2019-07-01', '2019-07-02', '2019-07-03', '2019-07-04', '2019-07-05', '2019-07-06', '2019-07-07', '2019-07-08', '2019-07-09', '2019-07-10', '2019-07-11', '2019-07-12', '2019-07-13', '2019-07-14', '2019-07-15', '2019-07-16', '2019-07-17', '2019-07-18', '2019-07-19', '2019-07-20', '2019-07-21', '2019-07-22', '2019-07-23', '2019-07-24', '2019-07-25', '2019-07-26', '2019-07-27', '2019-07-28', '2019-07-29', '2019-07-30', '2019-07-31', '2019-08-01', '2019-08-02', '2019-08-03', '2019-08-04', '2019-08-05', '2019-08-06', '2019-08-07', '2019-08-08', '2019-08-09', '2019-08-10', '2019-08-11', '2019-08-12', '2019-08-13', '2019-08-14', '2019-08-15', '2019-08-16', '2019-08-17', '2019-08-18', '2019-08-19', '2019-08-20', '2019-08-21', '2019-08-22', '2019-08-23', '2019-08-24', '2019-08-25', '2019-08-26', '2019-08-27', '2019-08-28', '2019-08-29', '2019-08-30', '2019-08-31', '2019-09-01', '2019-09-02', '2019-09-03', '2019-09-04', '2019-09-05', '2019-09-06', '2019-09-07', '2019-09-08', '2019-09-09', '2019-09-10', '2019-09-11', '2019-09-12', '2019-09-13', '2019-09-14', '2019-09-15', '2019-09-16', '2019-09-17', '2019-09-18', '2019-09-19', '2019-09-20', '2019-09-21', '2019-09-22', '2019-09-23', '2019-09-24', '2019-09-25', '2019-09-26', '2019-09-27', '2019-09-28', '2019-09-29', '2019-09-30', '2019-10-01', '2019-10-02', '2019-10-03', '2019-10-04', '2019-10-05', '2019-10-06', '2019-10-07', '2019-10-08', '2019-10-09', '2019-10-10', '2019-10-11', '2019-10-12', '2019-10-13', '2019-10-14', '2019-10-15', '2019-10-16', '2019-10-17', '2019-10-18', '2019-10-19', '2019-10-20', '2019-10-21', '2019-10-22', '2019-10-23', '2019-10-24', '2019-10-25', '2019-10-26', '2019-10-27', '2019-10-28', '2019-10-29', '2019-10-30', '2019-10-31', '2019-11-01', '2019-11-02', '2019-11-03', '2019-11-04', '2019-11-05', '2019-11-06', '2019-11-07', '2019-11-08', '2019-11-09', '2019-11-10', '2019-11-11', '2019-11-12', '2019-11-13', '2019-11-14', '2019-11-15', '2019-11-16', '2019-11-17', '2019-11-18', '2019-11-19', '2019-11-20', '2019-11-21', '2019-11-22', '2019-11-23', '2019-11-24', '2019-11-25', '2019-11-26', '2019-11-27', '2019-11-28', '2019-11-29', '2019-11-30', '2019-12-01', '2019-12-02', '2019-12-03', '2019-12-04', '2019-12-05', '2019-12-06', '2019-12-07', '2019-12-08', '2019-12-09', '2019-12-10', '2019-12-11', '2019-12-12', '2019-12-13', '2019-12-14', '2019-12-15', '2019-12-16', '2019-12-17', '2019-12-18', '2019-12-19', '2019-12-20', '2019-12-21', '2019-12-22', '2019-12-23', '2019-12-24', '2019-12-25', '2019-12-26', '2019-12-27', '2019-12-28', '2019-12-29', '2019-12-30', '2019-12-31', '2020-01-01', '2020-01-02', '2020-01-03', '2020-01-04', '2020-01-05', '2020-01-06', '2020-01-07', '2020-01-08', '2020-01-09', '2020-01-10', '2020-01-11', '2020-01-12', '2020-01-13', '2020-01-14', '2020-01-15', '2020-01-16', '2020-01-17', '2020-01-18', '2020-01-19', '2020-01-20', '2020-01-21', '2020-01-22', '2020-01-23', '2020-01-24', '2020-01-25', '2020-01-26', '2020-01-27', '2020-01-28', '2020-01-29', '2020-01-30', '2020-01-31']"
1655-148639,https://www.turnkeyvr.com/big_bear_lake-ca/43651yos,"['2018-09-02', '2018-09-03', '2018-09-04', '2018-09-05', '2018-12-15', '2018-12-16']"
1655-132498,https://www.turnkeyvr.com/big_bear_lake-ca/4255paw2,"['2018-09-15', '2018-09-22', '2018-09-25', '2018-11-21', '2018-11-22', '2018-11-23', '2018-11-24', '2018-12-21', '2018-12-22', '2018-12-23', '2018-12-24', '2018-12-25', '2018-12-26', '2018-12-30', '2018-12-31', '2019-01-03', '2019-01-04']"
1655-151396,https://www.turnkeyvr.com/big_bear_lake-ca/188eurek,"['2018-09-02', '2018-09-16', '2018-09-22', '2018-12-21', '2018-12-22', '2018-12-23']"
1655-152076,https://www.turnkeyvr.com/big_bear_lake-ca/102ntsok,"['2018-09-10', '2018-09-11', '2018-12-08', '2018-12-13', '2018-12-14', '2018-12-15']"
1655-131110,https://www.turnkeyvr.com/big_bear_lake-ca/3br-mountain-home-on-big-bear-lake-w%2f-beach-dock-%26-hot-tub-39537-lake-dr.,"['2018-09-02', '2018-09-03', '2018-09-04', '2018-09-05', '2018-09-06', '2018-09-07', '2018-09-08', '2018-09-15', '2018-09-29', '2018-10-06']"
1655-144419,https://www.turnkeyvr.com/big_bear_city-ca/1027pmtd,"['2018-09-02', '2018-09-29']"
1655-144597,https://www.turnkeyvr.com/big_bear_lake-ca/1125clbv,"['2018-09-02', '2018-09-03', '2018-09-04']"
1655-124317,https://www.turnkeyvr.com/big_bear_lake-ca/3ba-2ba-remodeled-bear-lake-house-w%2fhot-tub-wood-fires-and-game-room-1452-rockspray-dr.,"['2018-09-02', '2018-09-15', '2018-09-16', '2018-09-17', '2018-09-18', '2018-09-19', '2018-09-22', '2018-10-06']"
1655-126842,https://www.turnkeyvr.com/lake_arrowhead-ca/4br%2f2ba-serene-home-overlooking-san-bernardino-forest-1284-evergreen-lane,"['2018-09-15', '2018-09-16', '2018-09-22', '2018-10-27', '2018-10-28', '2018-11-17', '2018-11-18']"
1655-140098,https://www.turnkeyvr.com/big_bear_lake-ca/41813gws,"['2018-09-02', '2018-09-03', '2018-09-04', '2018-09-05', '2018-09-06', '2018-09-09', '2018-09-15', '2018-11-18', '2018-11-19', '2018-11-23', '2018-11-24', '2019-01-17', '2019-03-07']"
1655-147666,https://www.turnkeyvr.com/big_bear_city-ca/stunning-lake-views-3br-mountainside-getaway-w%2f-deck-%26-game-room,['2018-09-02']
1655-144519,https://www.turnkeyvr.com/big_bear_lake-ca/43098mnr,"['2018-09-02', '2018-09-15', '2018-09-16']"
1655-147411,https://www.turnkeyvr.com/lake_arrowhead-ca/27544oak,"['2018-09-02', '2018-09-03', '2018-09-04', '2018-09-05', '2018-09-06', '2018-09-07', '2018-09-08', '2018-09-09', '2018-09-10', '2018-09-11', '2018-09-12', '2018-09-13', '2018-09-14', '2018-09-15', '2018-09-21', '2018-09-22', '2018-09-29', '2018-09-30', '2018-10-27', '2018-11-22', '2018-11-23', '2018-11-24', '2018-12-24', '2018-12-25']"
1655-111716,https://www.turnkeyvr.com/desert_hot_springs-ca/peaceful-desert-hot-springs-rental--with-pool-and-hot-tub!-65074-blue-sky-circle,"['2018-09-02', '2018-09-03', '2018-09-04', '2018-09-05', '2018-09-06', '2018-09-07', '2018-09-08', '2018-09-09', '2018-09-10', '2018-09-11', '2018-09-12', '2018-09-13', '2018-09-14', '2018-09-15', '2018-09-16', '2018-09-17', '2018-09-18', '2018-09-19', '2018-09-20', '2018-09-21', '2018-09-22', '2018-09-23', '2018-09-24', '2018-09-25', '2018-09-26', '2018-09-27', '2018-09-28', '2018-09-29', '2018-09-30', '2018-10-01', '2018-10-02', '2018-10-03', '2018-10-04', '2018-10-05', '2018-10-06', '2018-10-07', '2018-10-08', '2018-10-09', '2018-10-10', '2018-10-11', '2018-10-12', '2018-10-13', '2018-10-14', '2018-10-15', '2018-10-16', '2018-10-17', '2018-10-18', '2018-10-19', '2018-10-20', '2018-10-21', '2018-10-22', '2018-10-23', '2018-10-24', '2018-10-25', '2018-10-26', '2018-10-27', '2018-10-28', '2018-10-29', '2018-10-30', '2018-10-31', '2018-11-01', '2018-11-02', '2018-11-03', '2018-11-04', '2018-11-05', '2018-11-06', '2018-11-07', '2018-11-08', '2018-11-09', '2018-11-10', '2018-11-11', '2018-11-12', '2018-11-13', '2018-11-14', '2018-11-15', '2018-11-16', '2018-11-17', '2018-11-18', '2018-11-19', '2018-11-20', '2018-11-21', '2018-11-22', '2018-11-23', '2018-11-24', '2018-11-25', '2018-11-26', '2018-11-27', '2018-11-28', '2018-11-29', '2018-11-30', '2018-12-01', '2018-12-02', '2018-12-03', '2018-12-04', '2018-12-05', '2018-12-06', '2018-12-07', '2018-12-08', '2018-12-09', '2018-12-10', '2018-12-11', '2018-12-12', '2018-12-13', '2018-12-14', '2018-12-15', '2018-12-16', '2018-12-17', '2018-12-18', '2018-12-19', '2018-12-20', '2018-12-21', '2018-12-22', '2018-12-23', '2018-12-24', '2018-12-25', '2018-12-26', '2018-12-27', '2018-12-28', '2018-12-29', '2018-12-30', '2018-12-31', '2019-01-01', '2019-01-02', '2019-01-03', '2019-01-04', '2019-01-05', '2019-01-06', '2019-01-07', '2019-01-08', '2019-01-09', '2019-01-10', '2019-01-11', '2019-01-12', '2019-01-13', '2019-01-14', '2019-01-15', '2019-01-16', '2019-01-17', '2019-01-18', '2019-01-19', '2019-01-20', '2019-01-21', '2019-01-22', '2019-01-23', '2019-01-24', '2019-01-25', '2019-01-26', '2019-01-27', '2019-01-28', '2019-01-29', '2019-01-30', '2019-01-31', '2019-02-01', '2019-02-02', '2019-02-03', '2019-02-04', '2019-02-05', '2019-02-06', '2019-02-07', '2019-02-08', '2019-02-09', '2019-02-10', '2019-02-11', '2019-02-12', '2019-02-13', '2019-02-14', '2019-02-15', '2019-02-16', '2019-02-17', '2019-02-18', '2019-02-19', '2019-02-20', '2019-02-21', '2019-02-22', '2019-02-23', '2019-02-24', '2019-02-25', '2019-02-26', '2019-02-27', '2019-02-28', '2019-03-01', '2019-03-02', '2019-03-03', '2019-03-04', '2019-03-05', '2019-03-06', '2019-03-07', '2019-03-08', '2019-03-09', '2019-03-10', '2019-03-11', '2019-03-12', '2019-03-13', '2019-03-14', '2019-03-15', '2019-03-16', '2019-03-17', '2019-03-18', '2019-03-19', '2019-03-20', '2019-03-21', '2019-03-22', '2019-03-23', '2019-03-24', '2019-03-25', '2019-03-26', '2019-03-27', '2019-03-28', '2019-03-29', '2019-03-30', '2019-03-31', '2019-04-01', '2019-04-02', '2019-04-03', '2019-04-04', '2019-04-05', '2019-04-06', '2019-04-07', '2019-04-08', '2019-04-09', '2019-04-10', '2019-04-11', '2019-04-12', '2019-04-13', '2019-04-14', '2019-04-15', '2019-04-16', '2019-04-17', '2019-04-18', '2019-04-19', '2019-04-20', '2019-04-21', '2019-04-22', '2019-04-23', '2019-04-24', '2019-04-25', '2019-04-26', '2019-04-27', '2019-04-28', '2019-04-29', '2019-04-30', '2019-05-01', '2019-05-02', '2019-05-03', '2019-05-04', '2019-05-05', '2019-05-06', '2019-05-07', '2019-05-08', '2019-05-09', '2019-05-10', '2019-05-11', '2019-05-12', '2019-05-13', '2019-05-14', '2019-05-15', '2019-05-16', '2019-05-17', '2019-05-18', '2019-05-19', '2019-05-20', '2019-05-21', '2019-05-22', '2019-05-23', '2019-05-24', '2019-05-25', '2019-05-26', '2019-05-27', '2019-05-28', '2019-05-29', '2019-05-30', '2019-05-31', '2019-06-01', '2019-06-02', '2019-06-03', '2019-06-04', '2019-06-05', '2019-06-06', '2019-06-07', '2019-06-08', '2019-06-09', '2019-06-10', '2019-06-11', '2019-06-12', '2019-06-13', '2019-06-14', '2019-06-15', '2019-06-16', '2019-06-17', '2019-06-18', '2019-06-19', '2019-06-20', '2019-06-21', '2019-06-22', '2019-06-23', '2019-06-24', '2019-06-25', '2019-06-26', '2019-06-27', '2019-06-28', '2019-06-29', '2019-06-30', '2019-07-01', '2019-07-02', '2019-07-03', '2019-07-04', '2019-07-05', '2019-07-06', '2019-07-07', '2019-07-08', '2019-07-09', '2019-07-10', '2019-07-11', '2019-07-12', '2019-07-13', '2019-07-14', '2019-07-15', '2019-07-16', '2019-07-17', '2019-07-18', '2019-07-19', '2019-07-20', '2019-07-21', '2019-07-22', '2019-07-23', '2019-07-24', '2019-07-25', '2019-07-26', '2019-07-27', '2019-07-28', '2019-07-29', '2019-07-30', '2019-07-31', '2019-08-01', '2019-08-02', '2019-08-03', '2019-08-04', '2019-08-05', '2019-08-06', '2019-08-07', '2019-08-08', '2019-08-09', '2019-08-10', '2019-08-11', '2019-08-12', '2019-08-13', '2019-08-14', '2019-08-15', '2019-08-16', '2019-08-17', '2019-08-18', '2019-08-19', '2019-08-20', '2019-08-21', '2019-08-22', '2019-08-23', '2019-08-24', '2019-08-25', '2019-08-26', '2019-08-27', '2019-08-28', '2019-08-29', '2019-08-30', '2019-08-31', '2019-09-01', '2019-09-02', '2019-09-03', '2019-09-04', '2019-09-05', '2019-09-06', '2019-09-07', '2019-09-08', '2019-09-09', '2019-09-10', '2019-09-11', '2019-09-12', '2019-09-13', '2019-09-14', '2019-09-15', '2019-09-16', '2019-09-17', '2019-09-18', '2019-09-19', '2019-09-20', '2019-09-21', '2019-09-22', '2019-09-23', '2019-09-24', '2019-09-25', '2019-09-26', '2019-09-27', '2019-09-28', '2019-09-29', '2019-09-30', '2019-10-01', '2019-10-02', '2019-10-03', '2019-10-04', '2019-10-05', '2019-10-06', '2019-10-07', '2019-10-08', '2019-10-09', '2019-10-10', '2019-10-11', '2019-10-12', '2019-10-13', '2019-10-14', '2019-10-15', '2019-10-16', '2019-10-17', '2019-10-18', '2019-10-19', '2019-10-20', '2019-10-21', '2019-10-22', '2019-10-23', '2019-10-24', '2019-10-25', '2019-10-26', '2019-10-27', '2019-10-28', '2019-10-29', '2019-10-30', '2019-10-31', '2019-11-01', '2019-11-02', '2019-11-03', '2019-11-04', '2019-11-05', '2019-11-06', '2019-11-07', '2019-11-08', '2019-11-09', '2019-11-10', '2019-11-11', '2019-11-12', '2019-11-13', '2019-11-14', '2019-11-15', '2019-11-16', '2019-11-17', '2019-11-18', '2019-11-19', '2019-11-20', '2019-11-21', '2019-11-22', '2019-11-23', '2019-11-24', '2019-11-25', '2019-11-26', '2019-11-27', '2019-11-28', '2019-11-29', '2019-11-30', '2019-12-01', '2019-12-02', '2019-12-03', '2019-12-04', '2019-12-05', '2019-12-06', '2019-12-07', '2019-12-08', '2019-12-09', '2019-12-10', '2019-12-11', '2019-12-12', '2019-12-13', '2019-12-14', '2019-12-15', '2019-12-16', '2019-12-17', '2019-12-18', '2019-12-19', '2019-12-20', '2019-12-21', '2019-12-22', '2019-12-23', '2019-12-24', '2019-12-25', '2019-12-26', '2019-12-27', '2019-12-28', '2019-12-29', '2019-12-30', '2019-12-31', '2020-01-01', '2020-01-02', '2020-01-03', '2020-01-04', '2020-01-05', '2020-01-06', '2020-01-07', '2020-01-08', '2020-01-09', '2020-01-10', '2020-01-11', '2020-01-12', '2020-01-13', '2020-01-14', '2020-01-15', '2020-01-16', '2020-01-17', '2020-01-18', '2020-01-19', '2020-01-20', '2020-01-21', '2020-01-22', '2020-01-23', '2020-01-24', '2020-01-25', '2020-01-26', '2020-01-27', '2020-01-28', '2020-01-29', '2020-01-30', '2020-01-31']"
1655-130981,https://www.turnkeyvr.com/big_bear_lake-ca/3br-pet-friendly-in-big-bear-with-game-room-%e2%80%93-outdoor-hot-tub-large-deck-143-eagle-dr,"['2018-09-02', '2018-09-06', '2018-09-07', '2018-09-08', '2018-09-09', '2018-09-10', '2018-09-11', '2018-09-12', '2018-09-13', '2018-09-14', '2018-09-15', '2018-09-16', '2018-09-17', '2019-04-06']"
1655-147359,https://www.turnkeyvr.com/big_bear_lake-ca/boulder-bay-3br-close-to-lake-%26-marina-%e2%80%93-wrap-around-deck-with-hot-tub-bbq,"['2018-09-02', '2018-09-03']"
1655-153042,https://www.turnkeyvr.com/big_bear_lake-ca/585gwdmr,"['2018-09-11', '2018-09-12', '2018-09-13', '2018-09-14', '2018-09-15', '2018-09-16', '2018-09-17', '2018-09-18', '2018-09-19', '2018-09-20', '2018-09-21', '2018-09-22', '2018-09-23', '2018-09-24', '2018-09-25', '2018-09-26', '2018-09-27', '2018-09-28', '2018-09-29', '2018-09-30', '2018-10-01', '2018-10-02', '2018-10-03', '2018-10-04', '2018-10-05', '2018-10-06', '2018-10-07', '2018-10-08', '2018-10-09', '2018-10-10', '2018-10-11', '2018-10-12', '2018-10-13', '2018-10-14', '2018-10-15', '2018-10-16', '2018-10-17', '2018-10-18', '2018-10-19', '2018-10-20', '2018-10-21', '2018-10-22', '2018-10-23', '2018-10-24', '2018-10-25', '2018-10-26', '2018-10-27', '2018-10-28', '2018-10-29', '2018-10-30', '2018-10-31', '2018-11-01', '2018-11-02', '2018-11-03', '2018-11-04', '2018-11-05', '2018-11-06', '2018-11-07', '2018-11-08', '2018-11-09', '2018-11-10', '2018-11-11', '2018-11-12', '2018-11-13', '2018-11-14', '2018-11-15', '2018-11-16', '2018-11-17', '2018-11-18', '2018-11-19', '2018-11-20', '2018-11-21', '2018-11-22', '2018-11-23', '2018-11-24', '2018-11-25', '2018-11-26', '2018-11-27', '2018-11-28', '2018-11-29', '2018-11-30', '2018-12-01', '2018-12-02', '2018-12-03', '2018-12-04', '2018-12-05', '2018-12-06', '2018-12-07', '2018-12-08', '2018-12-09', '2018-12-10', '2018-12-11', '2018-12-12', '2018-12-13', '2018-12-14', '2018-12-15', '2018-12-16', '2018-12-17', '2018-12-18', '2018-12-19', '2018-12-20', '2018-12-21', '2018-12-22', '2018-12-23', '2018-12-24', '2018-12-25', '2018-12-26', '2018-12-27', '2018-12-28', '2018-12-29', '2018-12-30', '2018-12-31', '2019-01-01', '2019-01-02', '2019-01-03', '2019-01-04', '2019-01-05', '2019-01-06', '2019-01-07', '2019-01-08', '2019-01-09', '2019-01-10', '2019-01-11', '2019-01-12', '2019-01-13', '2019-01-14', '2019-01-15', '2019-01-16', '2019-01-17', '2019-01-18', '2019-01-19', '2019-01-20', '2019-01-21', '2019-01-22', '2019-01-23', '2019-01-24', '2019-01-25', '2019-01-26', '2019-01-27', '2019-01-28', '2019-01-29', '2019-01-30', '2019-01-31', '2019-02-01', '2019-02-02', '2019-02-03', '2019-02-04', '2019-02-05', '2019-02-06', '2019-02-07', '2019-02-08', '2019-02-09', '2019-02-10', '2019-02-11', '2019-02-12', '2019-02-13', '2019-02-14', '2019-02-15', '2019-02-16', '2019-02-17', '2019-02-18', '2019-02-19', '2019-02-20', '2019-02-21', '2019-02-22', '2019-02-23', '2019-02-24', '2019-02-25', '2019-02-26', '2019-02-27', '2019-02-28', '2019-03-01', '2019-03-02', '2019-03-03', '2019-03-04', '2019-03-05', '2019-03-06', '2019-03-07', '2019-03-08', '2019-03-09', '2019-03-10', '2019-03-11', '2019-03-12', '2019-03-13', '2019-03-14', '2019-03-15', '2019-03-16', '2019-03-17', '2019-03-18', '2019-03-19', '2019-03-20', '2019-03-21', '2019-03-22', '2019-03-23', '2019-03-24', '2019-03-25', '2019-03-26', '2019-03-27', '2019-03-28', '2019-03-29', '2019-03-30', '2019-03-31', '2019-04-01', '2019-04-02', '2019-04-03', '2019-04-04', '2019-04-05', '2019-04-06', '2019-04-07', '2019-04-08', '2019-04-09', '2019-04-10', '2019-04-11', '2019-04-12', '2019-04-13', '2019-04-14', '2019-04-15', '2019-04-16', '2019-04-17', '2019-04-18', '2019-04-19', '2019-04-20', '2019-04-21', '2019-04-22', '2019-04-23', '2019-04-24', '2019-04-25', '2019-04-26', '2019-04-27', '2019-04-28', '2019-04-29', '2019-04-30', '2019-05-01', '2019-05-02', '2019-05-03', '2019-05-04', '2019-05-05', '2019-05-06', '2019-05-07', '2019-05-08', '2019-05-09', '2019-05-10', '2019-05-11', '2019-05-12', '2019-05-13', '2019-05-14', '2019-05-15', '2019-05-16', '2019-05-17', '2019-05-18', '2019-05-19', '2019-05-20', '2019-05-21', '2019-05-22', '2019-05-23', '2019-05-24', '2019-05-25', '2019-05-26', '2019-05-27', '2019-05-28', '2019-05-29', '2019-05-30', '2019-05-31', '2019-06-01', '2019-06-02', '2019-06-03', '2019-06-04', '2019-06-05', '2019-06-06', '2019-06-07', '2019-06-08', '2019-06-09', '2019-06-10', '2019-06-11', '2019-06-12', '2019-06-13', '2019-06-14', '2019-06-15', '2019-06-16', '2019-06-17', '2019-06-18', '2019-06-19', '2019-06-20', '2019-06-21', '2019-06-22', '2019-06-23', '2019-06-24', '2019-06-25', '2019-06-26', '2019-06-27', '2019-06-28', '2019-06-29', '2019-06-30', '2019-07-01', '2019-07-02', '2019-07-03', '2019-07-04', '2019-07-05', '2019-07-06', '2019-07-07', '2019-07-08', '2019-07-09', '2019-07-10', '2019-07-11', '2019-07-12', '2019-07-13', '2019-07-14', '2019-07-15', '2019-07-16', '2019-07-17', '2019-07-18', '2019-07-19', '2019-07-20', '2019-07-21', '2019-07-22', '2019-07-23', '2019-07-24', '2019-07-25', '2019-07-26', '2019-07-27', '2019-07-28', '2019-07-29', '2019-07-30', '2019-07-31', '2019-08-01', '2019-08-02', '2019-08-03', '2019-08-04', '2019-08-05', '2019-08-06', '2019-08-07', '2019-08-08', '2019-08-09', '2019-08-10', '2019-08-11', '2019-08-12', '2019-08-13', '2019-08-14', '2019-08-15', '2019-08-16', '2019-08-17', '2019-08-18', '2019-08-19', '2019-08-20', '2019-08-21', '2019-08-22', '2019-08-23', '2019-08-24', '2019-08-25', '2019-08-26', '2019-08-27', '2019-08-28', '2019-08-29', '2019-08-30', '2019-08-31', '2019-09-01', '2019-09-02', '2019-09-03', '2019-09-04', '2019-09-05', '2019-09-06', '2019-09-07', '2019-09-08', '2019-09-09', '2019-09-10', '2019-09-11', '2019-09-12', '2019-09-13', '2019-09-14', '2019-09-15', '2019-09-16', '2019-09-17', '2019-09-18', '2019-09-19', '2019-09-20', '2019-09-21', '2019-09-22', '2019-09-23', '2019-09-24', '2019-09-25', '2019-09-26', '2019-09-27', '2019-09-28', '2019-09-29', '2019-09-30', '2019-10-01', '2019-10-02', '2019-10-03', '2019-10-04', '2019-10-05', '2019-10-06', '2019-10-07', '2019-10-08', '2019-10-09', '2019-10-10', '2019-10-11', '2019-10-12', '2019-10-13', '2019-10-14', '2019-10-15', '2019-10-16', '2019-10-17', '2019-10-18', '2019-10-19', '2019-10-20', '2019-10-21', '2019-10-22', '2019-10-23', '2019-10-24', '2019-10-25', '2019-10-26', '2019-10-27', '2019-10-28', '2019-10-29', '2019-10-30', '2019-10-31', '2019-11-01', '2019-11-02', '2019-11-03', '2019-11-04', '2019-11-05', '2019-11-06', '2019-11-07', '2019-11-08', '2019-11-09', '2019-11-10', '2019-11-11', '2019-11-12', '2019-11-13', '2019-11-14', '2019-11-15', '2019-11-16', '2019-11-17', '2019-11-18', '2019-11-19', '2019-11-20', '2019-11-21', '2019-11-22', '2019-11-23', '2019-11-24', '2019-11-25', '2019-11-26', '2019-11-27', '2019-11-28', '2019-11-29', '2019-11-30', '2019-12-01', '2019-12-02', '2019-12-03', '2019-12-04', '2019-12-05', '2019-12-06', '2019-12-07', '2019-12-08', '2019-12-09', '2019-12-10', '2019-12-11', '2019-12-12', '2019-12-13', '2019-12-14', '2019-12-15', '2019-12-16', '2019-12-17', '2019-12-18', '2019-12-19', '2019-12-20', '2019-12-21', '2019-12-22', '2019-12-23', '2019-12-24', '2019-12-25', '2019-12-26', '2019-12-27', '2019-12-28', '2019-12-29', '2019-12-30', '2019-12-31', '2020-01-01', '2020-01-02', '2020-01-03', '2020-01-04', '2020-01-05', '2020-01-06', '2020-01-07', '2020-01-08', '2020-01-09', '2020-01-10', '2020-01-11', '2020-01-12', '2020-01-13', '2020-01-14', '2020-01-15', '2020-01-16', '2020-01-17', '2020-01-18', '2020-01-19', '2020-01-20', '2020-01-21', '2020-01-22', '2020-01-23', '2020-01-24', '2020-01-25', '2020-01-26', '2020-01-27', '2020-01-28', '2020-01-29', '2020-01-30', '2020-01-31', '2020-02-01', '2020-02-02', '2020-02-03', '2020-02-04', '2020-02-05', '2020-02-06', '2020-02-07', '2020-02-08', '2020-02-09', '2020-02-10', '2020-02-11', '2020-02-12', '2020-02-13', '2020-02-14', '2020-02-15', '2020-02-16', '2020-02-17', '2020-02-18', '2020-02-19', '2020-02-20', '2020-02-21', '2020-02-22', '2020-02-23', '2020-02-24', '2020-02-25', '2020-02-26', '2020-02-27', '2020-02-28', '2020-02-29', '2020-03-01', '2020-03-02', '2020-03-03', '2020-03-04', '2020-03-05', '2020-03-06', '2020-03-07', '2020-03-08', '2020-03-09', '2020-03-10', '2020-03-11', '2020-03-12', '2020-03-13', '2020-03-14', '2020-03-15', '2020-03-16', '2020-03-17', '2020-03-18', '2020-03-19', '2020-03-20', '2020-03-21', '2020-03-22', '2020-03-23', '2020-03-24', '2020-03-25', '2020-03-26', '2020-03-27', '2020-03-28', '2020-03-29', '2020-03-30', '2020-03-31', '2020-04-01', '2020-04-02', '2020-04-03', '2020-04-04', '2020-04-05', '2020-04-06', '2020-04-07', '2020-04-08', '2020-04-09', '2020-04-10', '2020-04-11', '2020-04-12', '2020-04-13', '2020-04-14', '2020-04-15', '2020-04-16', '2020-04-17', '2020-04-18', '2020-04-19', '2020-04-20', '2020-04-21', '2020-04-22', '2020-04-23', '2020-04-24', '2020-04-25', '2020-04-26', '2020-04-27', '2020-04-28', '2020-04-29', '2020-04-30', '2020-05-01', '2020-05-02', '2020-05-03', '2020-05-04', '2020-05-05', '2020-05-06', '2020-05-07', '2020-05-08', '2020-05-09', '2020-05-10', '2020-05-11', '2020-05-12', '2020-05-13', '2020-05-14', '2020-05-15', '2020-05-16', '2020-05-17', '2020-05-18', '2020-05-19', '2020-05-20', '2020-05-21', '2020-05-22', '2020-05-23', '2020-05-24', '2020-05-25', '2020-05-26', '2020-05-27', '2020-05-28', '2020-05-29', '2020-05-30', '2020-05-31', '2020-06-01', '2020-06-02', '2020-06-03', '2020-06-04', '2020-06-05', '2020-06-06', '2020-06-07', '2020-06-08', '2020-06-09', '2020-06-10', '2020-06-11', '2020-06-12', '2020-06-13', '2020-06-14', '2020-06-15', '2020-06-16', '2020-06-17', '2020-06-18', '2020-06-19', '2020-06-20', '2020-06-21', '2020-06-22', '2020-06-23', '2020-06-24', '2020-06-25', '2020-06-26', '2020-06-27', '2020-06-28', '2020-06-29', '2020-06-30', '2020-07-01', '2020-07-02', '2020-07-03', '2020-07-04', '2020-07-05', '2020-07-06', '2020-07-07', '2020-07-08', '2020-07-09', '2020-07-10', '2020-07-11', '2020-07-12', '2020-07-13', '2020-07-14', '2020-07-15', '2020-07-16', '2020-07-17', '2020-07-18', '2020-07-19', '2020-07-20', '2020-07-21', '2020-07-22', '2020-07-23', '2020-07-24', '2020-07-25', '2020-07-26', '2020-07-27', '2020-07-28', '2020-07-29', '2020-07-30', '2020-07-31', '2020-08-01', '2020-08-02', '2020-08-03', '2020-08-04', '2020-08-05', '2020-08-06', '2020-08-07', '2020-08-08', '2020-08-09', '2020-08-10', '2020-08-11', '2020-08-12', '2020-08-13', '2020-08-14', '2020-08-15', '2020-08-16', '2020-08-17', '2020-08-18', '2020-08-19', '2020-08-20', '2020-08-21', '2020-08-22', '2020-08-23', '2020-08-24', '2020-08-25', '2020-08-26', '2020-08-27', '2020-08-28', '2020-08-29', '2020-08-30', '2020-08-31', '2020-09-01', '2020-09-02', '2020-09-03', '2020-09-04', '2020-09-05', '2020-09-06', '2020-09-07', '2020-09-08', '2020-09-09', '2020-09-10', '2020-09-11', '2020-09-12', '2020-09-13', '2020-09-14', '2020-09-15', '2020-09-16', '2020-09-17', '2020-09-18', '2020-09-19', '2020-09-20', '2020-09-21', '2020-09-22', '2020-09-23', '2020-09-24', '2020-09-25', '2020-09-26', '2020-09-27', '2020-09-28', '2020-09-29', '2020-09-30', '2020-10-01']"
1655-153036,https://www.turnkeyvr.com/big_bear_city-ca/remodeled-3br-moonridge-w%2f-big-yard-fire-pit-%26-foosball---near-bear-mountain,"['2018-09-11', '2018-09-12', '2018-09-13', '2018-09-14', '2018-09-15', '2018-09-16', '2018-09-17', '2018-09-18', '2018-09-19', '2018-09-20', '2018-09-21', '2018-09-22', '2018-09-23', '2018-09-24', '2018-09-25', '2018-09-26', '2018-09-27', '2018-09-28', '2018-09-29', '2018-09-30', '2018-10-01', '2018-10-02', '2018-10-03', '2018-10-04', '2018-10-05', '2018-10-06', '2018-10-07', '2018-10-08', '2018-10-09', '2018-10-10', '2018-10-11', '2018-10-12', '2018-10-13', '2018-10-14', '2018-10-15', '2018-10-16', '2018-10-17', '2018-10-18', '2018-10-19', '2018-10-20', '2018-10-21', '2018-10-22', '2018-10-23', '2018-10-24', '2018-10-25', '2018-10-26', '2018-10-27', '2018-10-28', '2018-10-29', '2018-10-30', '2018-10-31', '2018-11-01', '2018-11-02', '2018-11-03', '2018-11-04', '2018-11-05', '2018-11-06', '2018-11-07', '2018-11-08', '2018-11-09', '2018-11-10', '2018-11-11', '2018-11-12', '2018-11-13', '2018-11-14', '2018-11-15', '2018-11-16', '2018-11-17', '2018-11-18', '2018-11-19', '2018-11-20', '2018-11-21', '2018-11-22', '2018-11-23', '2018-11-24', '2018-11-25', '2018-11-26', '2018-11-27', '2018-11-28', '2018-11-29', '2018-11-30', '2018-12-01', '2018-12-02', '2018-12-03', '2018-12-04', '2018-12-05', '2018-12-06', '2018-12-07', '2018-12-08', '2018-12-09', '2018-12-10', '2018-12-11', '2018-12-12', '2018-12-13', '2018-12-14', '2018-12-15', '2018-12-16', '2018-12-17', '2018-12-18', '2018-12-19', '2018-12-20', '2018-12-21', '2018-12-22', '2018-12-23', '2018-12-24', '2018-12-25', '2018-12-26', '2018-12-27', '2018-12-28', '2018-12-29', '2018-12-30', '2018-12-31', '2019-01-01', '2019-01-02', '2019-01-03', '2019-01-04', '2019-01-05', '2019-01-06', '2019-01-07', '2019-01-08', '2019-01-09', '2019-01-10', '2019-01-11', '2019-01-12', '2019-01-13', '2019-01-14', '2019-01-15', '2019-01-16', '2019-01-17', '2019-01-18', '2019-01-19', '2019-01-20', '2019-01-21', '2019-01-22', '2019-01-23', '2019-01-24', '2019-01-25', '2019-01-26', '2019-01-27', '2019-01-28', '2019-01-29', '2019-01-30', '2019-01-31', '2019-02-01', '2019-02-02', '2019-02-03', '2019-02-04', '2019-02-05', '2019-02-06', '2019-02-07', '2019-02-08', '2019-02-09', '2019-02-10', '2019-02-11', '2019-02-12', '2019-02-13', '2019-02-14', '2019-02-15', '2019-02-16', '2019-02-17', '2019-02-18', '2019-02-19', '2019-02-20', '2019-02-21', '2019-02-22', '2019-02-23', '2019-02-24', '2019-02-25', '2019-02-26', '2019-02-27', '2019-02-28', '2019-03-01', '2019-03-02', '2019-03-03', '2019-03-04', '2019-03-05', '2019-03-06', '2019-03-07', '2019-03-08', '2019-03-09', '2019-03-10', '2019-03-11', '2019-03-12', '2019-03-13', '2019-03-14', '2019-03-15', '2019-03-16', '2019-03-17', '2019-03-18', '2019-03-19', '2019-03-20', '2019-03-21', '2019-03-22', '2019-03-23', '2019-03-24', '2019-03-25', '2019-03-26', '2019-03-27', '2019-03-28', '2019-03-29', '2019-03-30', '2019-03-31', '2019-04-01', '2019-04-02', '2019-04-03', '2019-04-04', '2019-04-05', '2019-04-06', '2019-04-07', '2019-04-08', '2019-04-09', '2019-04-10', '2019-04-11', '2019-04-12', '2019-04-13', '2019-04-14', '2019-04-15', '2019-04-16', '2019-04-17', '2019-04-18', '2019-04-19', '2019-04-20', '2019-04-21', '2019-04-22', '2019-04-23', '2019-04-24', '2019-04-25', '2019-04-26', '2019-04-27', '2019-04-28', '2019-04-29', '2019-04-30', '2019-05-01', '2019-05-02', '2019-05-03', '2019-05-04', '2019-05-05', '2019-05-06', '2019-05-07', '2019-05-08', '2019-05-09', '2019-05-10', '2019-05-11', '2019-05-12', '2019-05-13', '2019-05-14', '2019-05-15', '2019-05-16', '2019-05-17', '2019-05-18', '2019-05-19', '2019-05-20', '2019-05-21', '2019-05-22', '2019-05-23', '2019-05-24', '2019-05-25', '2019-05-26', '2019-05-27', '2019-05-28', '2019-05-29', '2019-05-30', '2019-05-31', '2019-06-01', '2019-06-02', '2019-06-03', '2019-06-04', '2019-06-05', '2019-06-06', '2019-06-07', '2019-06-08', '2019-06-09', '2019-06-10', '2019-06-11', '2019-06-12', '2019-06-13', '2019-06-14', '2019-06-15', '2019-06-16', '2019-06-17', '2019-06-18', '2019-06-19', '2019-06-20', '2019-06-21', '2019-06-22', '2019-06-23', '2019-06-24', '2019-06-25', '2019-06-26', '2019-06-27', '2019-06-28', '2019-06-29', '2019-06-30', '2019-07-01', '2019-07-02', '2019-07-03', '2019-07-04', '2019-07-05', '2019-07-06', '2019-07-07', '2019-07-08', '2019-07-09', '2019-07-10', '2019-07-11', '2019-07-12', '2019-07-13', '2019-07-14', '2019-07-15', '2019-07-16', '2019-07-17', '2019-07-18', '2019-07-19', '2019-07-20', '2019-07-21', '2019-07-22', '2019-07-23', '2019-07-24', '2019-07-25', '2019-07-26', '2019-07-27', '2019-07-28', '2019-07-29', '2019-07-30', '2019-07-31', '2019-08-01', '2019-08-02', '2019-08-03', '2019-08-04', '2019-08-05', '2019-08-06', '2019-08-07', '2019-08-08', '2019-08-09', '2019-08-10', '2019-08-11', '2019-08-12', '2019-08-13', '2019-08-14', '2019-08-15', '2019-08-16', '2019-08-17', '2019-08-18', '2019-08-19', '2019-08-20', '2019-08-21', '2019-08-22', '2019-08-23', '2019-08-24', '2019-08-25', '2019-08-26', '2019-08-27', '2019-08-28', '2019-08-29', '2019-08-30', '2019-08-31', '2019-09-01', '2019-09-02', '2019-09-03', '2019-09-04', '2019-09-05', '2019-09-06', '2019-09-07', '2019-09-08', '2019-09-09', '2019-09-10', '2019-09-11', '2019-09-12', '2019-09-13', '2019-09-14', '2019-09-15', '2019-09-16', '2019-09-17', '2019-09-18', '2019-09-19', '2019-09-20', '2019-09-21', '2019-09-22', '2019-09-23', '2019-09-24', '2019-09-25', '2019-09-26', '2019-09-27', '2019-09-28', '2019-09-29', '2019-09-30', '2019-10-01', '2019-10-02', '2019-10-03', '2019-10-04', '2019-10-05', '2019-10-06', '2019-10-07', '2019-10-08', '2019-10-09', '2019-10-10', '2019-10-11', '2019-10-12', '2019-10-13', '2019-10-14', '2019-10-15', '2019-10-16', '2019-10-17', '2019-10-18', '2019-10-19', '2019-10-20', '2019-10-21', '2019-10-22', '2019-10-23', '2019-10-24', '2019-10-25', '2019-10-26', '2019-10-27', '2019-10-28', '2019-10-29', '2019-10-30', '2019-10-31', '2019-11-01', '2019-11-02', '2019-11-03', '2019-11-04', '2019-11-05', '2019-11-06', '2019-11-07', '2019-11-08', '2019-11-09', '2019-11-10', '2019-11-11', '2019-11-12', '2019-11-13', '2019-11-14', '2019-11-15', '2019-11-16', '2019-11-17', '2019-11-18', '2019-11-19', '2019-11-20', '2019-11-21', '2019-11-22', '2019-11-23', '2019-11-24', '2019-11-25', '2019-11-26', '2019-11-27', '2019-11-28', '2019-11-29', '2019-11-30', '2019-12-01', '2019-12-02', '2019-12-03', '2019-12-04', '2019-12-05', '2019-12-06', '2019-12-07', '2019-12-08', '2019-12-09', '2019-12-10', '2019-12-11', '2019-12-12', '2019-12-13', '2019-12-14', '2019-12-15', '2019-12-16', '2019-12-17', '2019-12-18', '2019-12-19', '2019-12-20', '2019-12-21', '2019-12-22', '2019-12-23', '2019-12-24', '2019-12-25', '2019-12-26', '2019-12-27', '2019-12-28', '2019-12-29', '2019-12-30', '2019-12-31', '2020-01-01', '2020-01-02', '2020-01-03', '2020-01-04', '2020-01-05', '2020-01-06', '2020-01-07', '2020-01-08', '2020-01-09', '2020-01-10', '2020-01-11', '2020-01-12', '2020-01-13', '2020-01-14', '2020-01-15', '2020-01-16', '2020-01-17', '2020-01-18', '2020-01-19', '2020-01-20', '2020-01-21', '2020-01-22', '2020-01-23', '2020-01-24', '2020-01-25', '2020-01-26', '2020-01-27', '2020-01-28', '2020-01-29', '2020-01-30', '2020-01-31', '2020-02-01', '2020-02-02', '2020-02-03', '2020-02-04', '2020-02-05', '2020-02-06', '2020-02-07', '2020-02-08', '2020-02-09', '2020-02-10', '2020-02-11', '2020-02-12', '2020-02-13', '2020-02-14', '2020-02-15', '2020-02-16', '2020-02-17', '2020-02-18', '2020-02-19', '2020-02-20', '2020-02-21', '2020-02-22', '2020-02-23', '2020-02-24', '2020-02-25', '2020-02-26', '2020-02-27', '2020-02-28', '2020-02-29', '2020-03-01', '2020-03-02', '2020-03-03', '2020-03-04', '2020-03-05', '2020-03-06', '2020-03-07', '2020-03-08', '2020-03-09', '2020-03-10', '2020-03-11', '2020-03-12', '2020-03-13', '2020-03-14', '2020-03-15', '2020-03-16', '2020-03-17', '2020-03-18', '2020-03-19', '2020-03-20', '2020-03-21', '2020-03-22', '2020-03-23', '2020-03-24', '2020-03-25', '2020-03-26', '2020-03-27', '2020-03-28', '2020-03-29', '2020-03-30', '2020-03-31', '2020-04-01', '2020-04-02', '2020-04-03', '2020-04-04', '2020-04-05', '2020-04-06', '2020-04-07', '2020-04-08', '2020-04-09', '2020-04-10', '2020-04-11', '2020-04-12', '2020-04-13', '2020-04-14', '2020-04-15', '2020-04-16', '2020-04-17', '2020-04-18', '2020-04-19', '2020-04-20', '2020-04-21', '2020-04-22', '2020-04-23', '2020-04-24', '2020-04-25', '2020-04-26', '2020-04-27', '2020-04-28', '2020-04-29', '2020-04-30', '2020-05-01', '2020-05-02', '2020-05-03', '2020-05-04', '2020-05-05', '2020-05-06', '2020-05-07', '2020-05-08', '2020-05-09', '2020-05-10', '2020-05-11', '2020-05-12', '2020-05-13', '2020-05-14', '2020-05-15', '2020-05-16', '2020-05-17', '2020-05-18', '2020-05-19', '2020-05-20', '2020-05-21', '2020-05-22', '2020-05-23', '2020-05-24', '2020-05-25', '2020-05-26', '2020-05-27', '2020-05-28', '2020-05-29', '2020-05-30', '2020-05-31', '2020-06-01', '2020-06-02', '2020-06-03', '2020-06-04', '2020-06-05', '2020-06-06', '2020-06-07', '2020-06-08', '2020-06-09', '2020-06-10', '2020-06-11', '2020-06-12', '2020-06-13', '2020-06-14', '2020-06-15', '2020-06-16', '2020-06-17', '2020-06-18', '2020-06-19', '2020-06-20', '2020-06-21', '2020-06-22', '2020-06-23', '2020-06-24', '2020-06-25', '2020-06-26', '2020-06-27', '2020-06-28', '2020-06-29', '2020-06-30', '2020-07-01', '2020-07-02', '2020-07-03', '2020-07-04', '2020-07-05', '2020-07-06', '2020-07-07', '2020-07-08', '2020-07-09', '2020-07-10', '2020-07-11', '2020-07-12', '2020-07-13', '2020-07-14', '2020-07-15', '2020-07-16', '2020-07-17', '2020-07-18', '2020-07-19', '2020-07-20', '2020-07-21', '2020-07-22', '2020-07-23', '2020-07-24', '2020-07-25', '2020-07-26', '2020-07-27', '2020-07-28', '2020-07-29', '2020-07-30', '2020-07-31', '2020-08-01', '2020-08-02', '2020-08-03', '2020-08-04', '2020-08-05', '2020-08-06', '2020-08-07', '2020-08-08', '2020-08-09', '2020-08-10', '2020-08-11', '2020-08-12', '2020-08-13', '2020-08-14', '2020-08-15', '2020-08-16', '2020-08-17', '2020-08-18', '2020-08-19', '2020-08-20', '2020-08-21', '2020-08-22', '2020-08-23', '2020-08-24', '2020-08-25', '2020-08-26', '2020-08-27', '2020-08-28', '2020-08-29', '2020-08-30', '2020-08-31', '2020-09-01', '2020-09-02', '2020-09-03', '2020-09-04', '2020-09-05', '2020-09-06', '2020-09-07', '2020-09-08', '2020-09-09', '2020-09-10', '2020-09-11', '2020-09-12', '2020-09-13', '2020-09-14', '2020-09-15', '2020-09-16', '2020-09-17', '2020-09-18', '2020-09-19', '2020-09-20', '2020-09-21', '2020-09-22', '2020-09-23', '2020-09-24', '2020-09-25', '2020-09-26', '2020-09-27', '2020-09-28', '2020-09-29', '2020-09-30', '2020-10-01']"
1655-150643,https://www.turnkeyvr.com/big_bear_city-ca/323wshwd,"['2018-09-02', '2018-12-07', '2018-12-08']"
1655-135078,https://www.turnkeyvr.com/desert_hot_springs-ca/64910oak,[]
1655-125425,https://www.turnkeyvr.com/big_bear_lake-ca/3br-2ba-big-bear-lake-house-w%2fdecks-hot-tub-%26-grill-near-2-ski-resorts-42639-alta-vista-ave,"['2018-09-02', '2018-09-08', '2018-09-14', '2018-09-22', '2018-09-30', '2018-10-01', '2018-10-05', '2018-10-06', '2018-10-12', '2018-10-13', '2018-10-27', '2018-11-03', '2018-11-04', '2018-11-22', '2018-11-23', '2018-12-01', '2018-12-15']"
1655-151907,https://www.turnkeyvr.com/big_bear_lake-ca/665thrsh,"['2018-09-02', '2018-09-24', '2018-09-25', '2018-10-06', '2018-10-07']"
1655-142829,https://www.turnkeyvr.com/desert_hot_springs-ca/64159ssa,"['2018-09-17', '2018-09-18', '2018-09-19', '2018-09-20', '2018-09-21', '2018-09-22', '2018-09-23', '2018-09-24', '2018-09-25', '2018-09-26', '2018-09-27', '2018-09-28', '2018-10-17', '2018-10-18', '2018-10-19', '2018-10-20', '2018-10-21', '2018-10-22', '2018-10-23', '2018-10-24', '2018-10-25', '2018-10-26', '2018-10-27', '2018-10-28', '2018-10-29', '2018-11-16', '2018-11-17', '2018-11-18', '2018-11-19', '2018-11-20', '2018-11-21', '2018-11-22', '2018-11-23', '2018-11-24', '2018-11-25', '2018-11-26', '2018-11-27', '2018-11-28', '2018-11-29', '2018-11-30', '2018-12-01', '2018-12-02', '2018-12-03', '2018-12-04', '2018-12-05', '2018-12-06', '2018-12-07', '2018-12-08', '2018-12-09', '2018-12-10', '2018-12-11', '2018-12-12', '2018-12-13', '2018-12-14', '2018-12-15', '2018-12-16', '2018-12-17', '2018-12-18', '2018-12-19', '2018-12-20', '2018-12-21', '2018-12-22', '2018-12-23', '2018-12-24', '2018-12-25', '2018-12-26', '2018-12-27', '2018-12-28', '2018-12-29', '2018-12-30', '2018-12-31', '2019-01-01', '2019-01-02', '2019-01-03', '2019-01-04', '2019-01-05', '2019-01-06', '2019-01-07', '2019-01-08', '2019-01-09', '2019-01-10', '2019-01-11', '2019-01-12', '2019-01-13', '2019-01-14', '2019-01-15', '2019-01-16', '2019-01-17', '2019-01-18', '2019-01-19', '2019-01-20', '2019-01-21', '2019-01-22', '2019-01-23', '2019-01-24', '2019-01-25', '2019-01-26', '2019-01-27', '2019-01-28', '2019-01-29', '2019-01-30', '2019-01-31', '2019-02-01', '2019-02-02', '2019-02-03', '2019-02-04', '2019-02-05', '2019-02-06', '2019-02-07', '2019-02-08', '2019-02-09', '2019-02-10', '2019-02-11', '2019-02-12', '2019-02-13', '2019-02-14', '2019-02-15', '2019-02-16', '2019-02-17', '2019-02-18', '2019-02-19', '2019-02-20', '2019-02-21', '2019-02-22', '2019-02-23', '2019-02-24', '2019-02-25', '2019-02-26', '2019-02-27', '2019-02-28', '2019-03-01', '2019-03-02', '2019-03-03', '2019-03-04', '2019-03-05', '2019-03-06', '2019-03-07', '2019-03-08', '2019-03-09', '2019-03-10', '2019-03-11', '2019-03-12', '2019-03-13', '2019-03-14', '2019-03-15', '2019-03-16', '2019-03-17', '2019-03-18', '2019-03-19', '2019-03-20', '2019-03-21', '2019-03-22', '2019-03-23', '2019-03-24', '2019-03-25', '2019-03-26', '2019-03-27', '2019-03-28', '2019-03-29', '2019-03-30']"
1655-147155,https://www.turnkeyvr.com/desert_hot_springs-ca/64258app,"['2018-09-02', '2018-09-03', '2018-09-04', '2018-10-16', '2018-10-17', '2018-10-18', '2018-10-19', '2018-10-20', '2018-10-21', '2018-10-22', '2018-10-23', '2018-10-24', '2018-10-25', '2018-10-26']"
1655-126528,https://www.turnkeyvr.com/big_bear_lake-ca/3br-3ba-big-bear-cabin-w%2fhot-tub-%26-game-room-near-bear-mountain-%26-lake,"['2018-09-02', '2018-10-02', '2018-10-03', '2018-10-04', '2018-10-05', '2018-10-06', '2018-11-10', '2018-11-23', '2018-11-24', '2018-12-08', '2018-12-15', '2018-12-16']"
1655-144364,https://www.turnkeyvr.com/big_bear_lake-ca/2br-home-w%2f-loft-separate-guest-suite-%26-spacious-deck---minutes-to-slopes,"['2018-09-02', '2019-07-05', '2019-07-06']"
1655-137831,https://www.turnkeyvr.com/big_bear_lake-ca/2br-mountain-inspired-cabin-%2fw-hot-tub-%e2%80%93-steps-from-national-forest,"['2018-09-02', '2018-09-03', '2018-09-04', '2018-09-05', '2018-09-06', '2018-09-07', '2018-09-08', '2018-09-09', '2018-09-10', '2018-09-11', '2018-09-12', '2018-09-13', '2018-09-14', '2018-09-15', '2018-09-16', '2018-09-23', '2018-10-06', '2018-10-11', '2018-10-12', '2018-10-13', '2018-10-14', '2018-10-15', '2018-10-16', '2018-10-17', '2018-10-20', '2018-10-21', '2018-10-22', '2018-10-23', '2018-10-24', '2018-10-25', '2018-10-26', '2018-11-10', '2018-11-11', '2018-11-22', '2018-11-23', '2018-11-24', '2018-12-08', '2018-12-09']"
1655-151898,https://www.turnkeyvr.com/big_bear_lake-ca/722bsumt,"['2018-09-16', '2018-09-17']"
1655-142298,https://www.turnkeyvr.com/big_bear_lake-ca/42706cgr,['2018-10-13']
1655-152994,https://www.turnkeyvr.com/big_bear_city-ca/1386lcrs,"['2018-09-08', '2018-09-09', '2018-09-10', '2018-09-11', '2018-09-12', '2018-09-13', '2018-09-14', '2018-09-15', '2018-09-16', '2018-09-17', '2018-09-18', '2018-09-19', '2018-09-20', '2018-09-21', '2018-09-22', '2018-09-23', '2018-09-24', '2018-09-25', '2018-09-26', '2018-09-27', '2018-09-28', '2018-09-29', '2018-09-30', '2018-10-01', '2018-10-02', '2018-10-03', '2018-10-04', '2018-10-05', '2018-10-06', '2018-10-07', '2018-10-08', '2018-10-09', '2018-10-10', '2018-10-11', '2018-10-12', '2018-10-13', '2018-10-14', '2018-10-15', '2018-10-16', '2018-10-17', '2018-10-18', '2018-10-19', '2018-10-20', '2018-10-21', '2018-10-22', '2018-10-23', '2018-10-24', '2018-10-25', '2018-10-26', '2018-10-27', '2018-10-28', '2018-10-29', '2018-10-30', '2018-10-31', '2018-11-01', '2018-11-02', '2018-11-03', '2018-11-04', '2018-11-05', '2018-11-06', '2018-11-07', '2018-11-08', '2018-11-09', '2018-11-10', '2018-11-11', '2018-11-12', '2018-11-13', '2018-11-14', '2018-11-15', '2018-11-16', '2018-11-17', '2018-11-18', '2018-11-19', '2018-11-20', '2018-11-21', '2018-11-22', '2018-11-23', '2018-11-24', '2018-11-25', '2018-11-26', '2018-11-27', '2018-11-28', '2018-11-29', '2018-11-30', '2018-12-01', '2018-12-02', '2018-12-03', '2018-12-04', '2018-12-05', '2018-12-06', '2018-12-07', '2018-12-08', '2018-12-09', '2018-12-10', '2018-12-11', '2018-12-12', '2018-12-13', '2018-12-14', '2018-12-15', '2018-12-16', '2018-12-17', '2018-12-18', '2018-12-19', '2018-12-20', '2018-12-21', '2018-12-22', '2018-12-23', '2018-12-24', '2018-12-25', '2018-12-26', '2018-12-27', '2018-12-28', '2018-12-29', '2018-12-30', '2018-12-31', '2019-01-01', '2019-01-02', '2019-01-03', '2019-01-04', '2019-01-05', '2019-01-06', '2019-01-07', '2019-01-08', '2019-01-09', '2019-01-10', '2019-01-11', '2019-01-12', '2019-01-13', '2019-01-14', '2019-01-15', '2019-01-16', '2019-01-17', '2019-01-18', '2019-01-19', '2019-01-20', '2019-01-21', '2019-01-22', '2019-01-23', '2019-01-24', '2019-01-25', '2019-01-26', '2019-01-27', '2019-01-28', '2019-01-29', '2019-01-30', '2019-01-31', '2019-02-01', '2019-02-02', '2019-02-03', '2019-02-04', '2019-02-05', '2019-02-06', '2019-02-07', '2019-02-08', '2019-02-09', '2019-02-10', '2019-02-11', '2019-02-12', '2019-02-13', '2019-02-14', '2019-02-15', '2019-02-16', '2019-02-17', '2019-02-18', '2019-02-19', '2019-02-20', '2019-02-21', '2019-02-22', '2019-02-23', '2019-02-24', '2019-02-25', '2019-02-26', '2019-02-27', '2019-02-28', '2019-03-01', '2019-03-02', '2019-03-03', '2019-03-04', '2019-03-05', '2019-03-06', '2019-03-07', '2019-03-08', '2019-03-09', '2019-03-10', '2019-03-11', '2019-03-12', '2019-03-13', '2019-03-14', '2019-03-15', '2019-03-16', '2019-03-17', '2019-03-18', '2019-03-19', '2019-03-20', '2019-03-21', '2019-03-22', '2019-03-23', '2019-03-24', '2019-03-25', '2019-03-26', '2019-03-27', '2019-03-28', '2019-03-29', '2019-03-30', '2019-03-31', '2019-04-01', '2019-04-02', '2019-04-03', '2019-04-04', '2019-04-05', '2019-04-06', '2019-04-07', '2019-04-08', '2019-04-09', '2019-04-10', '2019-04-11', '2019-04-12', '2019-04-13', '2019-04-14', '2019-04-15', '2019-04-16', '2019-04-17', '2019-04-18', '2019-04-19', '2019-04-20', '2019-04-21', '2019-04-22', '2019-04-23', '2019-04-24', '2019-04-25', '2019-04-26', '2019-04-27', '2019-04-28', '2019-04-29', '2019-04-30', '2019-05-01', '2019-05-02', '2019-05-03', '2019-05-04', '2019-05-05', '2019-05-06', '2019-05-07', '2019-05-08', '2019-05-09', '2019-05-10', '2019-05-11', '2019-05-12', '2019-05-13', '2019-05-14', '2019-05-15', '2019-05-16', '2019-05-17', '2019-05-18', '2019-05-19', '2019-05-20', '2019-05-21', '2019-05-22', '2019-05-23', '2019-05-24', '2019-05-25', '2019-05-26', '2019-05-27', '2019-05-28', '2019-05-29', '2019-05-30', '2019-05-31', '2019-06-01', '2019-06-02', '2019-06-03', '2019-06-04', '2019-06-05', '2019-06-06', '2019-06-07', '2019-06-08', '2019-06-09', '2019-06-10', '2019-06-11', '2019-06-12', '2019-06-13', '2019-06-14', '2019-06-15', '2019-06-16', '2019-06-17', '2019-06-18', '2019-06-19', '2019-06-20', '2019-06-21', '2019-06-22', '2019-06-23', '2019-06-24', '2019-06-25', '2019-06-26', '2019-06-27', '2019-06-28', '2019-06-29', '2019-06-30', '2019-07-01', '2019-07-02', '2019-07-03', '2019-07-04', '2019-07-05', '2019-07-06', '2019-07-07', '2019-07-08', '2019-07-09', '2019-07-10', '2019-07-11', '2019-07-12', '2019-07-13', '2019-07-14', '2019-07-15', '2019-07-16', '2019-07-17', '2019-07-18', '2019-07-19', '2019-07-20', '2019-07-21', '2019-07-22', '2019-07-23', '2019-07-24', '2019-07-25', '2019-07-26', '2019-07-27', '2019-07-28', '2019-07-29', '2019-07-30', '2019-07-31', '2019-08-01', '2019-08-02', '2019-08-03', '2019-08-04', '2019-08-05', '2019-08-06', '2019-08-07', '2019-08-08', '2019-08-09', '2019-08-10', '2019-08-11', '2019-08-12', '2019-08-13', '2019-08-14', '2019-08-15', '2019-08-16', '2019-08-17', '2019-08-18', '2019-08-19', '2019-08-20', '2019-08-21', '2019-08-22', '2019-08-23', '2019-08-24', '2019-08-25', '2019-08-26', '2019-08-27', '2019-08-28', '2019-08-29', '2019-08-30', '2019-08-31', '2019-09-01', '2019-09-02', '2019-09-03', '2019-09-04', '2019-09-05', '2019-09-06', '2019-09-07', '2019-09-08', '2019-09-09', '2019-09-10', '2019-09-11', '2019-09-12', '2019-09-13', '2019-09-14', '2019-09-15', '2019-09-16', '2019-09-17', '2019-09-18', '2019-09-19', '2019-09-20', '2019-09-21', '2019-09-22', '2019-09-23', '2019-09-24', '2019-09-25', '2019-09-26', '2019-09-27', '2019-09-28', '2019-09-29', '2019-09-30', '2019-10-01', '2019-10-02', '2019-10-03', '2019-10-04', '2019-10-05', '2019-10-06', '2019-10-07', '2019-10-08', '2019-10-09', '2019-10-10', '2019-10-11', '2019-10-12', '2019-10-13', '2019-10-14', '2019-10-15', '2019-10-16', '2019-10-17', '2019-10-18', '2019-10-19', '2019-10-20', '2019-10-21', '2019-10-22', '2019-10-23', '2019-10-24', '2019-10-25', '2019-10-26', '2019-10-27', '2019-10-28', '2019-10-29', '2019-10-30', '2019-10-31', '2019-11-01', '2019-11-02', '2019-11-03', '2019-11-04', '2019-11-05', '2019-11-06', '2019-11-07', '2019-11-08', '2019-11-09', '2019-11-10', '2019-11-11', '2019-11-12', '2019-11-13', '2019-11-14', '2019-11-15', '2019-11-16', '2019-11-17', '2019-11-18', '2019-11-19', '2019-11-20', '2019-11-21', '2019-11-22', '2019-11-23', '2019-11-24', '2019-11-25', '2019-11-26', '2019-11-27', '2019-11-28', '2019-11-29', '2019-11-30', '2019-12-01', '2019-12-02', '2019-12-03', '2019-12-04', '2019-12-05', '2019-12-06', '2019-12-07', '2019-12-08', '2019-12-09', '2019-12-10', '2019-12-11', '2019-12-12', '2019-12-13', '2019-12-14', '2019-12-15', '2019-12-16', '2019-12-17', '2019-12-18', '2019-12-19', '2019-12-20', '2019-12-21', '2019-12-22', '2019-12-23', '2019-12-24', '2019-12-25', '2019-12-26', '2019-12-27', '2019-12-28', '2019-12-29', '2019-12-30', '2019-12-31', '2020-01-01', '2020-01-02', '2020-01-03', '2020-01-04', '2020-01-05', '2020-01-06', '2020-01-07', '2020-01-08', '2020-01-09', '2020-01-10', '2020-01-11', '2020-01-12', '2020-01-13', '2020-01-14', '2020-01-15', '2020-01-16', '2020-01-17', '2020-01-18', '2020-01-19', '2020-01-20', '2020-01-21', '2020-01-22', '2020-01-23', '2020-01-24', '2020-01-25', '2020-01-26', '2020-01-27', '2020-01-28', '2020-01-29', '2020-01-30', '2020-01-31', '2020-02-01', '2020-02-02', '2020-02-03', '2020-02-04', '2020-02-05', '2020-02-06', '2020-02-07', '2020-02-08', '2020-02-09', '2020-02-10', '2020-02-11', '2020-02-12', '2020-02-13', '2020-02-14', '2020-02-15', '2020-02-16', '2020-02-17', '2020-02-18', '2020-02-19', '2020-02-20', '2020-02-21', '2020-02-22', '2020-02-23', '2020-02-24', '2020-02-25', '2020-02-26', '2020-02-27', '2020-02-28', '2020-02-29', '2020-03-01', '2020-03-02', '2020-03-03', '2020-03-04', '2020-03-05', '2020-03-06', '2020-03-07', '2020-03-08', '2020-03-09', '2020-03-10', '2020-03-11', '2020-03-12', '2020-03-13', '2020-03-14', '2020-03-15', '2020-03-16', '2020-03-17', '2020-03-18', '2020-03-19', '2020-03-20', '2020-03-21', '2020-03-22', '2020-03-23', '2020-03-24', '2020-03-25', '2020-03-26', '2020-03-27', '2020-03-28', '2020-03-29', '2020-03-30', '2020-03-31', '2020-04-01', '2020-04-02', '2020-04-03', '2020-04-04', '2020-04-05', '2020-04-06', '2020-04-07', '2020-04-08', '2020-04-09', '2020-04-10', '2020-04-11', '2020-04-12', '2020-04-13', '2020-04-14', '2020-04-15', '2020-04-16', '2020-04-17', '2020-04-18', '2020-04-19', '2020-04-20', '2020-04-21', '2020-04-22', '2020-04-23', '2020-04-24', '2020-04-25', '2020-04-26', '2020-04-27', '2020-04-28', '2020-04-29', '2020-04-30', '2020-05-01', '2020-05-02', '2020-05-03', '2020-05-04', '2020-05-05', '2020-05-06', '2020-05-07', '2020-05-08', '2020-05-09', '2020-05-10', '2020-05-11', '2020-05-12', '2020-05-13', '2020-05-14', '2020-05-15', '2020-05-16', '2020-05-17', '2020-05-18', '2020-05-19', '2020-05-20', '2020-05-21', '2020-05-22', '2020-05-23', '2020-05-24', '2020-05-25', '2020-05-26', '2020-05-27', '2020-05-28', '2020-05-29', '2020-05-30', '2020-05-31', '2020-06-01', '2020-06-02', '2020-06-03', '2020-06-04', '2020-06-05', '2020-06-06', '2020-06-07', '2020-06-08', '2020-06-09', '2020-06-10', '2020-06-11', '2020-06-12', '2020-06-13', '2020-06-14', '2020-06-15', '2020-06-16', '2020-06-17', '2020-06-18', '2020-06-19', '2020-06-20', '2020-06-21', '2020-06-22', '2020-06-23', '2020-06-24', '2020-06-25', '2020-06-26', '2020-06-27', '2020-06-28', '2020-06-29', '2020-06-30', '2020-07-01', '2020-07-02', '2020-07-03', '2020-07-04', '2020-07-05', '2020-07-06', '2020-07-07', '2020-07-08', '2020-07-09', '2020-07-10', '2020-07-11', '2020-07-12', '2020-07-13', '2020-07-14', '2020-07-15', '2020-07-16', '2020-07-17', '2020-07-18', '2020-07-19', '2020-07-20', '2020-07-21', '2020-07-22', '2020-07-23', '2020-07-24', '2020-07-25', '2020-07-26', '2020-07-27', '2020-07-28', '2020-07-29', '2020-07-30', '2020-07-31', '2020-08-01', '2020-08-02', '2020-08-03', '2020-08-04', '2020-08-05', '2020-08-06', '2020-08-07', '2020-08-08', '2020-08-09', '2020-08-10', '2020-08-11', '2020-08-12', '2020-08-13', '2020-08-14', '2020-08-15', '2020-08-16', '2020-08-17', '2020-08-18', '2020-08-19', '2020-08-20', '2020-08-21', '2020-08-22', '2020-08-23', '2020-08-24', '2020-08-25', '2020-08-26', '2020-08-27', '2020-08-28', '2020-08-29', '2020-08-30', '2020-08-31', '2020-09-01', '2020-09-02', '2020-09-03', '2020-09-04', '2020-09-05', '2020-09-06', '2020-09-07', '2020-09-08', '2020-09-09', '2020-09-10', '2020-09-11', '2020-09-12', '2020-09-13', '2020-09-14', '2020-09-15', '2020-09-16', '2020-09-17', '2020-09-18', '2020-09-19', '2020-09-20', '2020-09-21', '2020-09-22', '2020-09-23', '2020-09-24', '2020-09-25', '2020-09-26', '2020-09-27', '2020-09-28', '2020-09-29', '2020-09-30', '2020-10-01']"
1655-142727,https://www.turnkeyvr.com/big_bear_lake-ca/379quail,"['2018-09-02', '2018-10-27', '2019-01-02', '2019-01-03', '2019-01-04']"
1655-139785,https://www.turnkeyvr.com/big_bear-ca/637tmldg,"['2018-09-02', '2018-09-03']"
1655-150866,https://www.turnkeyvr.com/big_bear_lake-ca/42840cdr,"['2018-09-02', '2018-09-03', '2018-09-04', '2018-09-10', '2018-09-11', '2018-09-12', '2018-09-13', '2018-09-14', '2018-09-15', '2018-09-16', '2018-09-17']"
1655-151853,https://www.turnkeyvr.com/big_bear_lake-ca/722asumt,"['2018-09-11', '2018-09-12', '2018-09-13', '2018-09-14', '2018-09-15', '2018-09-16', '2018-09-17']"
